Title,Abstract,Link,Relevant,Selected
A Study on Improving Sleep Apnea Diagnoses Using Machine Learning Based on the STOP-BANG Questionnaire,"… for OSA diagnosis using the STOP-BANG questionnaire, capable of improving accuracy, sensitivity, and specificity … A closer look at the results confirms that among the machine learning …",https://www.mdpi.com/2076-3417/14/7/3117,TRUE,FALSE
BASH-GN: a new machine learning–derived questionnaire for screening obstructive sleep apnea,"… OSA screening questionnaires, the Four-Variable, Epworth Sleepiness Scale, Berlin, and STOP-BANG. … , our model reached a sensitivity of 0.77 and a specificity of 0.68 on the SHHS 1 …",https://link.springer.com/article/10.1007/s11325-022-02629-8,TRUE,FALSE
… new Berlin questionnaire simplified by machine learning techniques in a population of Italian healthcare workers to highlight the suspicion of obstructive sleep apnea,"… (BQ) is the most widely used questionnaire for OSA and is a beneficial screening tool … likelihood of having OSA. We administered the original ten-question Berlin questionnaire, enriched …",https://www.frontiersin.org/articles/10.3389/fmed.2022.866822/full,TRUE,FALSE
Machine Learning (ML) Models to Enhance the Berlin Questionnaire (BQ) Detection of Obstructive Sleep Apnea (OSA) at-Risk Patients,"… most OSA prediction models prioritize higher sensitivity over … The Berlin questionnaire (BQ) [29] stands out as one of the … OSA, demonstrating a sensitivity of 86% and a specificity of 95% …",https://www.preprints.org/manuscript/202406.1155,TRUE,FALSE
"Efficient Screening in Obstructive Sleep Apnea Using Sequential Machine Learning Models, Questionnaires, and Pulse Oximetry Signals: Mixed Methods …",… The STOP-Bang questionnaire has high sensitivity but low … The ultimate purpose of this study was to use 2 machine learning models to screen patients who may have OSA for further …,https://www.jmir.org/2024/1/e51615/,TRUE,FALSE
Optimized Prescreen Survey Tool for Predicting Sleep Apnea Based on Deep Neural Network: Pilot Study,… can prescreen OSA with high sensitivity and specificity. The … on machine learning techniques to predict the severity of OSA. … ] introduced the STOP-BANG questionnaire to evaluate OSA. …,https://www.mdpi.com/2076-3417/14/17/7608,TRUE,FALSE
Predicting the Risk of Sleep Disorders Using a Machine Learning–Based Simple Questionnaire: Development and Validation Study,… sensitivity of OSA screening questionnaires is higher for moderate to severe OSA (AHI of 15 or more) than for mild OSA (… used OSA screening questionnaires such as STOP-BANG [25] …,https://www.jmir.org/2023/1/e46520/,TRUE,FALSE
A prediction model based on an artificial intelligence system for moderate to severe obstructive sleep apnea,"… We aim to introduce an artificial intelligence method to screen moderate to severe … Because of the low specificity, the Berlin questionnaire is not a good tool for screening OSA patients …",https://link.springer.com/article/10.1007/s11325-010-0384-x,TRUE,FALSE
Self-helped detection of obstructive sleep apnea based on automated facial recognition and machine learning,"… algorithm for OSA classification with a sensitivity, specificity, … ), which was better than STOP-Bang questionnaire, NoSAS … the OSA group using Epworth Sleepiness Scale (P < 0.001). …",https://link.springer.com/article/10.1007/s11325-023-02846-9,TRUE,FALSE
414 Deep Neural Networks: A Survey Tool for Obstructive Sleep Apnea Prediction,… for OSA prediction with high sensitivity and low specificity. … machine learning techniques to predict the severity of OSA by … from 5 OSA screening questionnaires/scores (STOP-BANG …,https://search.proquest.com/openview/5e135fe66b170278d945cb6e62494244/1?pq-origsite=gscholar&cbl=2046369,TRUE,FALSE
Brief digital sleep questionnaire powered by machine learning prediction models identifies common sleep disorders,"… , we achieved high sensitivity with acceptable specificity in … , insomnia and suspected obstructive sleep apnea. Of note, … obstructive sleep apnea including the Berlin Questionnaire […",https://www.sciencedirect.com/science/article/pii/S1389945720301179,TRUE,FALSE
Prediction models for obstructive sleep apnea in Korean adults using machine learning techniques,"… the best OSA prediction result with a sensitivity, specificity, … OSA prediction performance with a sensitivity, specificity, and … the Berlin questionnaire (BQ) [32], Epworth Sleepiness Scale (…",https://www.mdpi.com/2075-4418/11/4/612,TRUE,FALSE
Use and performance of the STOP-Bang questionnaire for obstructive sleep apnea screening across geographic regions: a systematic review and meta-analysis,"… to determine the utility of the STOP-Bang questionnaire as an OSA screening tool to assist in … In this study, the STOP-Bang questionnaire showed high sensitivity and NPVs at all AHI …",https://jamanetwork.com/journals/jamanetworkopen/article-abstract/2777142,TRUE,FALSE
Application of machine learning to predict obstructive sleep apnea syndrome severity,"… of different machine learning methods to predict the severity of obstructive sleep apnea in a … tools such as STOP-BANG questionnaire, which achieved a sensitivity of 83.6 percent and a …",https://journals.sagepub.com/doi/abs/10.1177/1460458218824725,TRUE,FALSE
Performance of machine learning-based models to screen obstructive sleep apnea in pregnancy,"… OSA among 122 pregnant women using the Epworth Sleepiness Scale (ESS) and Berlin Questionnaire … The results showed a sensitivity of 36 and 39%, and specificity of 77 and 68% for …",https://www.nature.com/articles/s44294-024-00030-2,TRUE,FALSE
A machine learning model to predict the risk of depression in US adults with obstructive sleep apnea hypopnea syndrome: a cross-sectional study,"… this question in the sleep questionnaire and finally selected … specificity, sensitivity, and Youden index should be considered comprehensively, and the choice of specificity and sensitivity …",https://www.frontiersin.org/articles/10.3389/fpubh.2023.1348803/full,TRUE,FALSE
Application and interpretation of machine learning models in predicting the risk of severe obstructive sleep apnea in adults,"… , age, and the Berlin questionnaire were revealed by the … contributing to the diagnosis of severe OSA. Additionally, two typical … specificity and the complexity of diagnostic methods, OSA …",https://link.springer.com/article/10.1186/s12911-023-02331-z,TRUE,FALSE
Evaluation of the applicability of artificial intelligence for the prediction of obstructive sleep apnoea,"… alone yielded a correct OSA prediction in 75%, while the Berlin questionnaire was correct in 62% … It can be concluded that the low specificity of the questionnaire prevents it from being …",https://www.mdpi.com/2076-3417/13/7/4231,TRUE,FALSE
Artificial intelligence in screening for obstructive sleep apnoea syndrome (OSAS): a narrative review,"… ML and deep learning models can be used to identify OSA … diagnostic criterion, the sensitivity and specificity are 92% … was comparable to the STOP-Bang Questionnaire which was …",https://jmai.amegroups.org/article/view/7579/html,TRUE,FALSE
Predicting nondiagnostic home sleep apnea tests using machine learning,"… For example, the Berlin questionnaire is a screening tool that … OSA is a function of both the pretest probability of OSA and … that implementation of a predictive model into an electronic …",https://jcsm.aasm.org/doi/abs/10.5664/jcsm.8020,TRUE,FALSE
Application of artificial intelligence in the diagnosis of sleep apnea,"… for image-based detection of OSA exhibited an AUC of 0.92. … a deep learning model showed a sensitivity and specificity of … OSA screening questionnaires (4 variable, STOP-BANG and …",https://jcsm.aasm.org/doi/abs/10.5664/jcsm.10532,TRUE,FALSE
Machine learning approaches for screening the risk of obstructive sleep apnea in the Taiwan population based on body profile,"… , including the Berlin Questionnaire, Epworth Sleepiness Scale, and STOP-Bang questionnaire. … to have high sensitivity for OSAS screening, they exhibited low specificity in all severity …",https://www.tandfonline.com/doi/abs/10.1080/17538157.2021.2007930,TRUE,FALSE
Obstructive sleep apnoea syndrome screening through wrist-worn smartbands: a machine-learning approach,"… ;: the Epworth Sleepiness Scale, the Berlin questionnaire, the STOP questionnaire, and the … mean sensitivity reached by the algorithms. That is, we questioned how the sensitivity was …",https://www.tandfonline.com/doi/abs/10.2147/NSS.S352335,TRUE,FALSE
Artificial Intelligence for Diagnosis of Obstructive Sleep Apnea,"… ) [24] that outperformed the STOP-BANG questionnaire for OSA. Such a modality is based on … of OSA varied, and while most had good sensitivity, specificity and accuracy were lower. …",https://link.springer.com/article/10.1007/s13665-024-00361-0,TRUE,FALSE
Screening for obstructive sleep apnea in patients with cancer—a machine learning approach,… Training models for OSA were subsequently tested and compared with the STOP-Bang … The diagnostic performance of the ML models and STOP-Bang questionnaire (as the only …,https://academic.oup.com/sleepadvances/article-abstract/4/1/zpad042/7334179,TRUE,FALSE
Classifier for the Diagnostic of Obstructive Sleep Apnea Syndrome.,… The Berlin questionnaire was developed at the international … that has high sensitivity and specificity in most cases of … results of questionnaires and machine learning algorithms to solve …,https://ceur-ws.org/Vol-3384/Paper_3.pdf,TRUE,FALSE
Analyzing the Prevalence of Depression and Its Influencing Factors in Elderly Patients With Obstructive Sleep Apnea: A Machine Learning Approach,… The sensitivity of older persons to depression is heightened because of alterations in their … The OSA population was evaluated using the participant’s sleep questionnaire and self-…,https://journals.sagepub.com/doi/abs/10.1177/01455613241271632,TRUE,FALSE
Using the Berlin questionnaire to predict obstructive sleep apnea in the general population,"… Our findings are similar to the study by Kang et al., 13 who found that the sensitivity and specificity of the Berlin questionnaire to predict an AHI ≥ 15 was 89.0% and 63.0%, respectively. …",https://jcsm.aasm.org/doi/abs/10.5664/jcsm.6496,TRUE,FALSE
Pediatric obstructive sleep apnea diagnosis: leveraging machine learning with linear discriminant analysis,"… OSA with a sensitivity of 44% and specificity of 90%, providing a feasible clinical alternative to PSG for stratifying OSA severity. … such as the Pediatric Sleep Questionnaire (PSQ) (27), the …",https://www.frontiersin.org/articles/10.3389/fped.2024.1328209/full,TRUE,FALSE
Predicting Apnea-Hypopnea Index using Heart Rate Variability in Obstructive Sleep Apnea,… regression among the four machine learning algorithms. Since … detect OSA with a sensitivity of 89.7% and 83% and a specificity … The STOP-Bang questionnaire is one of the well-known …,https://s-space.snu.ac.kr/handle/10371/197145,TRUE,FALSE
Automated feature selection for obstructive sleep apnea syndrome diagnosis,"… that STOP-BANG results <= 4 are qualified as non- and mild OSA, and the STOP-BANG … For such assumptions, the classification accuracy of STOP-BANG questionnaire equalled 61…",https://www.sciencedirect.com/science/article/pii/S1877050920320536,TRUE,FALSE
Assessment of mandibular movement monitoring with machine learning analysis for the diagnosis of obstructive sleep apnea,"… Agreement analysis and diagnostic performance were … of the device sensitivity and specificity in detecting OSA at 5 … measures, such as the Berlin questionnaire, 45 which varies in …",https://jamanetwork.com/journals/jamanetworkopen/article-abstract/2759126,TRUE,FALSE
Performance of questionnaires to predict sleep‐disordered breathing in acute stroke patients,… We aimed to evaluate the performance of eight obstructive sleep apnea screening … the commonly used OSA screening questionnaires have a high sensitivity but rather low specificity in …,https://onlinelibrary.wiley.com/doi/abs/10.1111/jsr.14416,TRUE,FALSE
A prognosis tool based on fuzzy anthropometric and questionnaire data for obstructive sleep apnea severity,"… used to diagnose OSA through questionnaires and PSG. The Epworth sleepiness scale (ESS) … Classification is a relevant machine learning task that can be used for pattern recognition, …",https://link.springer.com/article/10.1007/s10916-016-0464-y,TRUE,FALSE
Obstructive sleep apnea detection during wakefulness: a comprehensive methodological review,"… Furthermore, advances in machine learning algorithms offer … assessed by questionnaires such as STOP-BANG [16] or the … above had a sensitivity of 100% and a specificity of 91.7%. …",https://link.springer.com/article/10.1007/s11517-024-03020-3,TRUE,FALSE
Integrating domain knowledge with machine learning to detect obstructive sleep apnea: Snore as a significant bio‐feature,"… , sensitivity, and AUC if such a bias exists. Fourth, the predictive values in Table 3 are generally lower than those of the predictive model … of the Berlin questionnaire both use self-snoring …",https://onlinelibrary.wiley.com/doi/abs/10.1111/jsr.13487,TRUE,FALSE
Optimization of Obstructive Sleep Apnea Management: Novel Decision Support via Unsupervised Machine Learning,"… tests and sensitivity analysis against … OSA, significant studies include efficacy evaluation based on a simplified Chinese Pediatric Sleep Questionnaire (PSQ) [34]; assessment of OSA …",https://www.mdpi.com/2227-9709/11/2/22,TRUE,FALSE
Machine learning and geometric morphometrics to predict obstructive sleep apnea from 3D craniofacial scans,"… For PSG-derived AHI≥15 events/h, the 56% specificity … A sensitivity of 80% was obtained using ML analysis, compared to nearly 90% for NoSAS and 61% for the BERLIN questionnaire. …",https://www.sciencedirect.com/science/article/pii/S1389945722001538,TRUE,FALSE
Enhancing obstructive sleep apnea diagnosis with screening through disease phenotypes: algorithm development and validation,"… values of 37% for sensitivity and 84% for specificity, whereas when applied … STOP-BANG questionnaire, validation was performed in preoperative patients; the sensitivity and specificity …",https://medinform.jmir.org/2021/6/e25124,TRUE,FALSE
Barriers of artificial intelligence implementation in the diagnosis of obstructive sleep apnea,"… to utilizing screening tools, like the STOP-Bang questionnaire, in the general public [2, 6]. … to accurately rule in OSA from clinical data, with a sensitivity and specificity of 98.9% and 80…",https://journals.sagepub.com/doi/abs/10.1186/s40463-022-00566-w,TRUE,FALSE
Predicting obstructive sleep apnea hypopnea syndrome using three-dimensional optical devices: A systematic review,"… Among these, the STOP-Bang questionnaire exhibits high sensitivity but lacks specificity. … screening OSAHS classification models using machine learning techniques. Another study …",https://journals.sagepub.com/doi/abs/10.1177/20552076241271749,TRUE,FALSE
0573 Screening for Obstructive Sleep Apnea at Home Based on Deep Learning Features Derived from Respiration Sounds,"… , SP, and ROC of the derived Stop-Bang Questionnaire (dSBQ), … demonstrated a sensitivity of 0.71 and specificity of 0.66 … approach to OSA screening based on deep learning with inter-…",https://academic.oup.com/sleep/article-abstract/43/Supplement_1/A219/5847377,TRUE,FALSE
SleepAp: an automated obstructive sleep apnoea screening application for smartphones,"… The signal processing and machine learning … STOP–BANG questionnaire is the standard questionnaire used in medical practice for OSA screening, it suffers from low specificity …",https://ieeexplore.ieee.org/abstract/document/6747332/,TRUE,FALSE
Utilization of the GOAL questionnaire as a standardized screening tool for obstructive sleep apnea,"… to the No-Apnea score, STOP-Bang questionnaire and NoSAS score in discriminating the severity of OSA. … Therefore, we will put the sensitivity of the screening questionnaire above the …",https://www.nature.com/articles/s41598-023-31247-x,TRUE,FALSE
Advances in unobtrusive monitoring of sleep apnea using machine learning,"… that the network is trained with no OSA and mild OSA patient data and exhibits lower sleep … Berlin questionnaire [132], STOP-BANG questionnaire [36] and Epworth sleepiness scale […",https://lirias.kuleuven.be/retrieve/635203,TRUE,FALSE
Estimation of apnea-hypopnea index using deep learning on 3-D craniofacial scans,"… The modified STOP-Bang questionnaire is used as a screening tool for OSA without the need for a … after did not have any effect on diagnostic performance, which was evident when we …",https://ieeexplore.ieee.org/abstract/document/9425441/,TRUE,FALSE
Diagnosis of obstructive sleep apnea with prediction of flow characteristics according to airway morphology automatically extracted from medical images …,"… sensitivity and specificity… Berlin questionnaire, STOP, and STOP-Bang questionnaire, were proposed. The sensitivities of the Berlin questionnaire, STOP questionnaire, and STOP-Bang …",https://www.sciencedirect.com/science/article/pii/S0169260721003175,TRUE,FALSE
Estimating the severity of obstructive sleep apnea during wakefulness using speech: A review,"… [35], and Berlin questionnaire [36], that are validated on a … high sensitivity in identifying individuals with OSA, they have low … We provide detailed information about the machine learning …",https://www.sciencedirect.com/science/article/pii/S0010482524011053,TRUE,FALSE
Novel computational tools for enhanced diagnostics of obstructive sleep apnea,"… In conclusion, by applying machine learning solutions in OSA diagnostics, some of the … The most common sleep questionnaire is the Epworth Sleepiness Scale (ESS) [21,22]. ESS …",https://erepo.uef.fi/bitstream/handle/123456789/23719/urn_isbn_978-952-61-3601-1.pdf,TRUE,FALSE
Developing probabilistic ensemble machine learning models for home-based sleep apnea screening using overnight SpO2 data at varying data granularity,"… The STOP-Bang questionnaire, a validated psychometric tool for obstructive sleep apnea … Given the sensitivity of many machine learning algorithms to feature interdependencies, we …",https://link.springer.com/article/10.1007/s11325-024-03141-x,TRUE,FALSE
Clinical prediction models for the early diagnosis of obstructive sleep apnea in stroke patients: a systematic review,"… and machine learning approaches to predict the incidence of … sensitivity than PSG [12]. Therefore, PSG is necessary for … the Berlin Questionnaire (BQ), Epworth Sleepiness Scale, four‐…",https://link.springer.com/article/10.1186/s13643-024-02449-9,TRUE,FALSE
"Validation of a new, minimally-invasive, software smartphone device to predict sleep apnea and its severity: transversal study","… Background: obstructive sleep apnea (OSA) is frequent and … used like the STOP-BANG [8] or the Berlin questionnaire [9]. … method based on a deep learning model, which provides …",https://arxiv.org/abs/2406.16953,TRUE,FALSE
Obstructive sleep apnea syndrome and postoperative complications: clinical use of the STOP-BANG questionnaire,… It has been validated in surgical patients and has a high sensitivity to identify most patients … found this questionnaire to have a sensitivity of 91.7% and a specificity of 63.4% in identifying …,https://jamanetwork.com/journals/jamaotolaryngology/article-abstract/496835,TRUE,FALSE
Artificial Intelligence-guided Total Opacity Scores and Obstructive Sleep Apnea in Adults with COVID-19 Pneumonia,"… Berlin Questionnaire. • Our results suggest that the severity of TOS is associated with the severity of OSA … The method showed excellent diagnostic accuracy, specificity, and sensitivity in …",https://www.thoracrespract.org/pdf/68ab204c-182b-49da-b227-bc7efe058632/articles/ThoracResPract.2024.24090/2024.0090.pdf,TRUE,FALSE
"Association of High-Risk Obstructive Sleep Apnea with Artificial Intelligence-Guided, CT-Based Severity Scores in Patients with COVID-19 Pneumonia","… high-risk OSA as 38% based on the Berlin Questionnaire (BQ) [… OSA was defined as an apnea–hypopnea index (AHI) of 15 … , the mBQ had a sensitivity of 89%, a specificity of 93%, and …",https://www.mdpi.com/2077-0383/13/21/6415,TRUE,FALSE
412 Prevalence of pulmonary hypertension in patients referred for sleep apnea diagnostics,… for OSA prediction with high sensitivity and low specificity. … machine learning techniques to predict the severity of OSA by … from 5 OSA screening questionnaires/scores (STOP-BANG …,https://search.proquest.com/openview/10dbc52546248c1095a0a81a7637f871/1?pq-origsite=gscholar&cbl=2046369,TRUE,FALSE
415 Risk of Obstructive Sleep Apnea after Treatment of Head and Neck Squamous Cell Carcinoma,… for OSA prediction with high sensitivity and low specificity. … machine learning techniques to predict the severity of OSA by … from 5 OSA screening questionnaires/scores (STOP-BANG …,https://academic.oup.com/sleep/article-abstract/44/Supplement_2/A164/6260375,TRUE,FALSE
Comparison of support vector machine based on genetic algorithm with logistic regression to diagnose obstructive sleep apnea,… such as Berlin Questionnaire and Epworth sleepiness scale (… criteria except sensitivity are better for diagnosis of OSA in … introducing a basic artificial intelligence classification model …,https://journals.lww.com/jrms/fulltext/2018/23000/Comparison_of_support_vector_machine_based_on.65.aspx,TRUE,FALSE
Explainable fuzzy neural network with easy-to-obtain physiological features for screening obstructive sleep apnea-hypopnea syndrome,… a sensitivity (Sn) of 64.2% and a specificity (Sp) of 77% [16]. Questionnaires such as Epworth Sleepiness Scale (… Recent advances in artificial intelligence (AI) models have led to the …,https://www.sciencedirect.com/science/article/pii/S1389945721003944,TRUE,FALSE
A novel artificial neural network based sleep-disordered breathing screening tool,… sensitivity and 93.2% specificity for patients with severe disease when tested in the SHHS dataset. The Berlin questionnaire … applied to define obstructive sleep apnea (OSA). Teferra et …,https://jcsm.aasm.org/doi/abs/10.5664/jcsm.7182,TRUE,FALSE
Development and validation of moderate to severe obstructive sleep apnea screening test (ColTon) in a pediatric population,… We propose a machine learning algorithm using two factors … the pooled sensitivity and specificity of questionnaires and … use of Pediatric Sleep Questionnaire and pulse oximetry is …,https://www.sciencedirect.com/science/article/pii/S1389945723000655,TRUE,FALSE
"Diagnosis of obstructive sleep apnea using feature selection, classification methods, and data grouping based age, sex, and race","… benefits of utilizing machine learning methods based on … for OSA, including tools such as the Berlin Questionnaire, the … classification accuracy and reduce computational costs [45,46]. …",https://www.mdpi.com/2075-4418/13/14/2417,TRUE,FALSE
Sleep apnea screening instrument evaluation and novel model development and validation in the paroxysmal atrial fibrillation population,"… We evaluated and optimized common OSA screening tools in … 5, sensitivity and specificity of the Berlin questionnaire was … Future work may be more globally relevant if machine learning …",https://www.sciencedirect.com/science/article/pii/S2352906720303225,TRUE,FALSE
Development and Validation of a Nomogram for Predicting Obstructive Sleep Apnea Severity in Children,"… by Certal using the Pediatric Sleep Questionnaire (PSQ) scores, … the most precise predictive model for OSA has not produced … on predicting OSA using machine learning methods have …",https://www.tandfonline.com/doi/abs/10.2147/NSS.S445469,TRUE,FALSE
Obstructive sleep apnea syndrome in company workers: development of a two-step screening strategy with a new questionnaire,"… The sensitivity and specificity of the BerlinQ was 46.2% and … both questionnaires (Berlin and STOP-BANG), due to many … reasonable assessment of sensitivity and specificity of our two…",https://jcsm.aasm.org/doi/abs/10.5664/jcsm.5690,TRUE,FALSE
Machine Learning Application in Sleep Disorder Analysis,"… To compare with the STOP-BANG questionnaire, the risk of OSA … a sensitivity of 0.77 and a specificity of 0.68 on the SHHS 1 testing set and had a 0.69 sensitivity and a 0.72 specificity …",https://search.proquest.com/openview/4b7083aab1029749e0733e691852b2c4/1?pq-origsite=gscholar&cbl=18750&diss=y,TRUE,FALSE
The Role of Mandibular Disharmony for Adult Obstructive Sleep Apnea in the Machine-learning Facial Recognition,"… algorithm for OSA classi cation with a sensitivity, speci city, … which was better than STOP-Bang questionnaire, NoSAS scores … the OSA group using Epworth sleepiness scale (P < 0.001). …",https://www.researchsquare.com/article/rs-2046983/latest,TRUE,FALSE
Predicting polysomnographic severity thresholds in children using machine learning,"… to detect the severity of OSA determined by standard … , obesity, and Pediatric Sleep Questionnaire total score and … In the current study, the sensitivity for AHI > 2 ranged from 90…",https://www.nature.com/articles/s41390-020-0944-0,TRUE,FALSE
Regularized logistic regression for obstructive sleep apnea screening during wakefulness using daytime tracheal breathing sounds and anthropometric information,"… OSA screening method in hospitals is based on using subjective questionnaires, such as Berlin Questionnaire, Epworth sleepiness scale, … The accuracy, specificity, and sensitivity were …",https://link.springer.com/article/10.1007/s11517-019-02052-4,TRUE,FALSE
Machines learning to detect obstructive sleep apnea in children. Are we there yet?,"… Questionnaires have shown a wide range of sensitivity and specificity (6, 7), and similarly, … screening tools for OSA in adults (17). In the current study, machine learning enhanced the …",https://www.atsjournals.org/doi/full/10.1164/rccm.201708-1688ED,TRUE,FALSE
Towards automatic home-based sleep apnea estimation using deep learning,"… obstructive sleep apnea (OSA), the most severe and common type of sleep apnea 12 . Such detection tools for OSA … for seven days, and a sleep questionnaire. The sleep study aims to …",https://www.nature.com/articles/s41746-024-01139-z,TRUE,FALSE
Development and assessment of a risk prediction model for moderate-to-severe obstructive sleep apnea,"… a predictive model that screens for moderate to severe OSA … based on an artificial intelligence system a prediction model … widely used for OSA, such as the Berlin questionnaire (BQ), …",https://www.frontiersin.org/articles/10.3389/fnins.2022.936946/full,TRUE,FALSE
Design and conceptual proposal of an intelligent clinical decision support system for the diagnosis of suspicious obstructive sleep apnea patients from health profile,"… highlight the Berlin questionnaire, the STOP-Bang questionnaire, … [14], presenting high sensitivity and low specificity [15]. In relation … and applicability of Machine Learning approaches to …",https://www.mdpi.com/1660-4601/20/4/3627,TRUE,FALSE
Selection of OSA-specific pronunciations and assessment of disease severity assisted by machine learning,"… The Stop-Bang sleep questionnaire is the tool most commonly used to screen for OSA, but … and have low specificity, especially for patients with severe OSA, in whom the results have …",https://jcsm.aasm.org/doi/abs/10.5664/jcsm.9798,TRUE,FALSE
Positional sleep apnea phenotyping using machine learning and digital oximetry biomarkers,"… a person with OSA may be classified in one of the three positional OSA phenotype spOSA, … ess epworth sleepiness scale FOSQ functional outcomes of sleep questionnaire OSA …",https://iopscience.iop.org/article/10.1088/1361-6579/accefc/meta,TRUE,FALSE
An introduction to artificial intelligence in sleep medicine,"… the STOP-BANG screening questionnaire (5). Other groups have looked at multi-class detection of mild, moderate and severe OSA… a 91% sensitivity and a 96% specificity (70 subjects, 6 …",https://www.ncbi.nlm.nih.gov/pmc/articles/PMC8575827/,TRUE,FALSE
413 Inpatient Sleep Screens: Effective for Screening but Poor Follow Up,… for OSA prediction with high sensitivity and low specificity. … machine learning techniques to predict the severity of OSA by … from 5 OSA screening questionnaires/scores (STOP-BANG …,https://search.proquest.com/openview/27d7075fd1e9c6e46a5109a3cb1d7b31/1?pq-origsite=gscholar&cbl=2046369,TRUE,FALSE
Artificial intelligence and sleep: Advancing sleep medicine,"… AI data aggregation operators can screen patients for OSA [18] and use sleep questionnaire … OSA severity. Remarkably, this analysis generated a sensitivity of 86.9% and a specificity of …",https://www.sciencedirect.com/science/article/pii/S1087079221000976,TRUE,FALSE
Inclusion of blood pressure parameter increases predictive capability of severe obstructive sleep apnea: A decision tree approach,"… the predictive model of severe obstructive sleep apnea (OSA). … screen OSA, such as Berlin Questionnaire and STOP-Bang … from data mining or machine learning techniques have great …",https://onlinelibrary.wiley.com/doi/abs/10.1111/jch.14871,TRUE,FALSE
Screening obstructive sleep apnea patients via deep learning of knowledge distillation in the lateral cephalogram,"… -OSA samples were defined as the patients without any OSA signs or symptoms in the clinical examination using sleep questionnaire, … for AUROC, sensitivity, and specificity (Table 3). …",https://www.nature.com/articles/s41598-023-42880-x,TRUE,FALSE
Machine and deep learning in molecular and genetic aspects of sleep research,… of sleep is often the sleep questionnaire which is inexpensive and has … a large gap in sensitivity and specificity between PSG and … of OSA subtypes which may be indicative of new OSA …,https://www.sciencedirect.com/science/article/pii/S1878747923011923,TRUE,FALSE
Obstructive sleep apnea predicts 10-year cardiovascular disease–related mortality in the Sleep Heart Health Study: a machine learning approach,"… ; these questionnaires included the Epworth Sleepiness Scale and the Medical Outcomes Study SF-… The sensitivity and specificity of the random forest model were 81.82% and 73.94%, …",https://jcsm.aasm.org/doi/abs/10.5664/jcsm.9630,TRUE,FALSE
"OSA in pregnancy: Who to test, how to screen, and does treatment help?","… use of the Berlin questionnaire, STOP-BANG questionnaire, … their pooled sensitivity and specificity to detect OSA in pregnancy … Deep learning models, a subset of machine learning, can …",https://medauth2.mdedge.com/node?page=92,TRUE,FALSE
Screening for obstructive sleep apnea in an atrial fibrillation population: what's the best test?,"… for all phenotypes of OSA. For example, the widely used STOP-BANG questionnaire (SBQ)—… study, showed a 93% sensitivity (95% CI, 80.9%-99.8%) and a 91.7% specificity (95% CI, …",https://www.sciencedirect.com/science/article/pii/S2589790X20302079,TRUE,FALSE
Obstructive sleep apnea is common in patients with high-impact chronic pain–an exploratory study from an interdisciplinary pain center,"… For instance, a recent machine learning study on 277 patients … STOP-BANG questionnaire sensitivity and specificity for OSA in the current study showed lower sensitivity and specificity …",https://www.degruyter.com/document/doi/10.1515/sjpain-2021-0112/html,TRUE,FALSE
What can we do for obstructive sleep apnea patients in China?,… used the Berlin questionnaire or STOP‐BANG questionnaire … What we need is better sensitivity which could identify patients … obstructive sleep apnea diagnosis with machine learning: …,https://onlinelibrary.wiley.com/doi/abs/10.1002/slp2.11,TRUE,FALSE
Prediction of the severity of obstructive sleep apnea by anthropometric features via support vector machine,"… We apply a modern machine learning method, the support … Such examples include the Berlin questionnaire (BQ), Sleep … results according to sensitivity, specificity, accuracy, and the …",https://journals.plos.org/plosone/article?id=10.1371/journal.pone.0176991,TRUE,FALSE
Prospective Validation and Usability Evaluation of a Mobile Diagnostic App for Obstructive Sleep Apnea,"… of being shorter than the STOP-Bang and the Berlin questionnaire [31,32]. … s specificity is not as high as we would like. Even so, the specificity has values > 35% for the diagnosis of OSA …",https://www.mdpi.com/2075-4418/14/22/2519,TRUE,FALSE
Comprehensive Evaluation of Machine Learning Techniques for Obstructive Sleep Apnea Detection.,… STOP-BANG questionnaire with machine learning models is employed in [12] to enhance OSA … of complex decision boundaries and improving classification accuracy. The author in [29] …,https://www.researchgate.net/profile/Walaa-Elashmawi/publication/387558695_Comprehensive_Evaluation_of_Machine_Learning_Techniques_for_Obstructive_Sleep_Apnea_Detection/links/6773fcc6117f340ec3ea530a/Comprehensive-Evaluation-of-Machine-Learning-Techniques-for-Obstructive-Sleep-Apnea-Detection.pdf,TRUE,FALSE
Deep autoencoder-powered pattern identification of sleep disturbance using multi-site cross-sectional survey data,"… In this paper, we suggest a novel deep learning-based PI … validation and the final PSQI, Berlin questionnaire, GSRS, and NQ … at high risk of having obstructive sleep apnea (OSA) if the …",https://www.frontiersin.org/articles/10.3389/fmed.2022.950327/full,TRUE,FALSE
Prediction of sleep-disordered breathing after stroke,"… of the Berlin questionnaire [11], a screen for symptoms and signs of obstructive sleep apnea, … To understand the utility of using a machine learning approach, we compared the predictive …",https://www.sciencedirect.com/science/article/pii/S1389945720302069,TRUE,FALSE
The Sleep Revolution project: the concept and objectives,"… by developing machine learning tools to better estimate obstructive sleep apnea severity and … Furthermore, we are generating a new European Sleep Questionnaire with PROMs at the …",https://onlinelibrary.wiley.com/doi/abs/10.1111/jsr.13630,TRUE,FALSE
Accuracy of clinical scoring tools for the diagnosis of pediatric obstructive sleep apnea,… Sleep Questionnaire. They all included DTA data using a score cutoff of 0.33 to diagnose OSA … children of similar age with suspected OSA produced a similar sensitivity (92%) but lower …,https://onlinelibrary.wiley.com/doi/abs/10.1002/lary.28146,TRUE,FALSE
Predicting obstructive sleep apnea severity from craniofacial images using ensemble machine learning models,… STOP-BANG and other screening tools have relatively high sensitivity (88-93%) and low specificity (… OSA screening questionnaire (ie STOP-BANG) [19] and a 2D craniofacial model for …,https://www.spiedigitallibrary.org/conference-proceedings-of-spie/12465/124652P/Predicting-obstructive-sleep-apnea-severity-from-craniofacial-images-using-ensemble/10.1117/12.2654353.short,TRUE,FALSE
Stratifying the risk of cardiovascular disease in obstructive sleep apnea using machine learning,"… included random forest (sensitivity 84%, specificity 99%, … and the Berlin Questionnaire are often used to screen for OSA … of machine learning models to predict the severity of OSA alone …",https://onlinelibrary.wiley.com/doi/abs/10.1002/lary.29852,TRUE,FALSE
A machine learning model to predict the risk of,"… in patients with obstructive sleep apnea hypopnea syndrome (… this question in the sleep questionnaire and finally selected … , this study suggests that specificity, sensitivity, and Youden …",https://books.google.com/books?hl=en&lr=&id=X-oYEQAAQBAJ&oi=fnd&pg=PA88&dq=(%22machine+learning%22+OR+%22artificial+intelligence%22+OR+%22deep+learning%22)+AND+(%22obstructive+sleep+apnea%22+OR+%22OSA%22)+AND+(%22sleep+questionnaire%22+OR+%22survey-based+screening%22+OR+%22STOP-BANG%22+OR+%22Berlin+questionnaire%22+OR+%22Epworth+Sleepiness+Scale%22)+AND+(%22classification+accuracy%22+OR+%22diagnostic+performance%22+OR+%22sensitivity%22+OR+%22specificity%22+OR+%22AUC-ROC%22+OR+%22predictive+model%22)+AND+(%22systematic+review%22+OR+%22meta-analysis%22+OR+%22review%22)&ots=jEKNeDR-5x&sig=f6Ql_v4-3XXoGqUUyTujvDlFCG0,TRUE,FALSE
The predictive role of subcutaneous adipose tissue in the pathogenesis of obstructive sleep apnoea,… the role of artificial intelligence in OSA diagnostics and … The STOP-BANG questionnaire showed high sensitivities and … The SAS score can diagnose OSA with high sensitivity [57]. …,https://www.mdpi.com/2075-1729/12/10/1504,TRUE,FALSE
The predictive role of the upper-airway adipose tissue in the pathogenesis of obstructive sleep apnoea,"… a significantly higher sensitivity of the STOP-BANG questionnaire, although its specificity was … The significance of the present investigation is that the use of artificial intelligence in OSA …",https://www.mdpi.com/2075-1729/12/10/1543,TRUE,FALSE
Questionnaire and portable sleep test screening of sleep disordered breathing in acute stroke and TIA,"… We compared the sensitivity and specificity of the questionnaires for … The STOP-BANG questionnaire had the highest sensitivity for at … with only OSA, only CSA, and both OSA and CSA. …",https://www.mdpi.com/2077-0383/10/16/3568,TRUE,FALSE
Prediction of obstructive sleep apnea using Fast Fourier Transform of overnight breath recordings,… the risk of obstructive sleep apnea (OSA) from … STOP-BANG questionnaire and then completes a one-night​ recording of an objective breathing measurement. High risk of OSA …,https://www.sciencedirect.com/science/article/pii/S2666827021000037,TRUE,FALSE
0502 Number of Nights to Achieve High Sensitivity/Specificity for Detecting OSA Using a Large US Sample by Home Under-Mattress Devices,… Methods: An interpretable machine learning model was built to … STOP Bang score 5 or more has high risk of OSA. We did a … the sensitivity of STOP Bang questionnaire in the sleep clinic. …,https://academic.oup.com/sleep/article-abstract/46/Supplement_1/A222/7182096,TRUE,FALSE
0505 3-Year follow-up of patients with OSA on telemonitoring,… Methods: An interpretable machine learning model was built to … STOP Bang score 5 or more has high risk of OSA. We did a … the sensitivity of STOP Bang questionnaire in the sleep clinic. …,https://academic.oup.com/sleep/article-abstract/46/Supplement_1/A223/7182148,TRUE,FALSE
Machine Learning to Predict Obstructive Sleep Apnea Based on Faciocervical Anthropometry Measurements,"… predictive model for OSA is still a challenge. The study aimed to explore a machine learning … (WC), questionnaires (Epworth sleepiness scale(ESS), STOP-Bang questionnaire), and …",https://www.atsjournals.org/doi/pdf/10.1164/ajrccm-conference.2020.201.1_MeetingAbstracts.A6163,TRUE,FALSE
Screening for obstructive sleep apnea in adults: US Preventive Services Task Force recommendation statement,"… % and specificity ranging from 0% to 84% for detecting mild OSA. … STOP-BANG questionnaire, both found good sensitivity (87% to 94%) but low specificity (0% to 38%) for detecting OSA …",https://jamanetwork.com/journals/jama/article-abstract/2798399,TRUE,FALSE
Explainable AI for EEG Biomarkers Identification in Obstructive Sleep Apnea Severity Scoring Task,"… In this paper, we propose a novel architecture of deep learning … A preliminary sleep questionnaire was performed and the … in any direction to explore the specificity of each region. As …",https://ieeexplore.ieee.org/abstract/document/10123795/,TRUE,FALSE
Design and Development of an Intelligent Clinical Decision Support System Applied towards the Diagnosis of Suspected Obstructive Sleep Apnea Patients from the …,… of artificial intelligence approaches for the diagnosis of OSA. In … were implemented obtaining a sensitivity of 81.8% and an … [28] based on the responses to the STOP-Bang questionnaire…,https://www.preprints.org/manuscript/202303.0470,TRUE,FALSE
403 comparative study of wireless sensors versus type III home sleep apnea test for home-based diagnosis of obstructive sleep apnea,"… in as high risk for OSA using the STOPBANG questionnaire. … The sensitivity and specificity of the experimental system to … Introduction: Using deep learning algorithms, we investigated …",https://academic.oup.com/sleep/article-abstract/44/Supplement_2/A160/6260459,TRUE,FALSE
REPOLARIZATION VARIABILITY PREDICTS CARDIOVASCULAR DEATH IN OBSTRUCTIVE SLEEP APNEA,"… , and ROC of the derived Stop-Bang Questionnaire (dSBQ), which … In this study, deep learning methods were leveraged to … demonstrated a sensitivity of 0.71 and specificity of 0.66 when …",https://www.researchgate.net/profile/Elizabeth-Hill-27/publication/341681303_0573_Screening_for_Obstructive_Sleep_Apnea_at_Home_Based_on_Deep_Learning_Features_Derived_from_Respiration_Sounds/links/5f1551a34585151299aad053/0573-Screening-for-Obstructive-Sleep-Apnea-at-Home-Based-on-Deep-Learning-Features-Derived-from-Respiration-Sounds.pdf,TRUE,FALSE
Estimating the risk of obstructive sleep apnea during wakefulness using facial images: A review,"… sensitivity in identifying individuals with OSA, they exhibit low … or machine learning models to identify associations between … to seven questions from the STOP-BANG questionnaire and …",https://www.sciencedirect.com/science/article/pii/S1746809424005615,TRUE,FALSE
The prediction of obstructive sleep apnea using data mining approaches,"… analysis, machine learning methods, artificial intelligence, … criteria such as accuracy, sensitivity and specificity, in order to … sleep questionnaire for diagnosing obstructive sleep apnea. …",https://journalaim.com/PDF/aim-21-460.pdf,TRUE,FALSE
Deep Learning Model for OSA Detection using Tracheal Breathing Sounds During Wakefulness,"… model achieved an accuracy of 74.9%, sensitivity of 76.1%, and specificity of 73.3%. Although … The STOP-BANG questionnaire is one of the various subjective OSA diagnosis/screening …",https://proceedings.cmbes.ca/index.php/proceedings/article/view/975,TRUE,FALSE
A pilot observation using ultrasonography and vowel articulation to investigate the influence of suspected obstructive sleep apnea on upper airway,"… such as STOP-Bang, Berlin scores. These questionnaires have 10–36% specificity in … In the third part, we developed machine-learning models to estimate the PAP diameter from …",https://www.nature.com/articles/s41598-024-56159-2,TRUE,FALSE
Identifying patients experiencing opioid‐induced respiratory depression during recovery from anesthesia: The application of electronic monitoring devices,… first screening for OSA using the STOP-BANG questionnaire and … Using machine learning prediction analysis on the … may not exhibit high enough sensitivity and specificity; (b) the use …,https://sigmapubs.onlinelibrary.wiley.com/doi/abs/10.1111/wvn.12362,TRUE,FALSE
Relationship between Cephalometric and Ultrasonic Airway Parameters in Adults with High Risk of Obstructive Sleep Apnea,"… sensitivity, the STOP-Bang questionnaire can identify patients with moderate-to-severe OSA … risk of moderate-to-severe OSA using artificial intelligence (AI) algorithms and a clinically …",https://www.mdpi.com/2077-0383/13/12/3540,TRUE,FALSE
Clinical practice guideline for diagnostic testing for adult obstructive sleep apnea: an American Academy of Sleep Medicine clinical practice guideline,"… of OSA that evaluated the performance of STOP-BANG questionnaire against PSG in the identification patients with OSA. The … , but low specificity for the detection of OSA. These findings …",https://jcsm.aasm.org/doi/abs/10.5664/jcsm.6506,TRUE,FALSE
410 Sleep and Stroke: Improved OSA Time to Diagnosis for Stroke Patients Using an Inpatient Diagnostic and Treatment Strategy,… for OSA prediction with high sensitivity and low specificity. … machine learning techniques to predict the severity of OSA by … from 5 OSA screening questionnaires/scores (STOP-BANG …,https://academic.oup.com/sleep/article-abstract/44/Supplement_2/A163/6260552,TRUE,FALSE
Performance of peripheral arterial tonometry–based testing for the diagnosis of obstructive sleep apnea in a large sleep clinic cohort,"… of suspicion for OSA was high (based on the Berlin Questionnaire or a prior diagnosis of OSA) … showing a diagnosis of no OSA were 66% and 89%, respectively, and the sensitivity and …",https://jcsm.aasm.org/doi/abs/10.5664/jcsm.8620,TRUE,FALSE
0446 Screening for Obstructive Sleep Apnea in the Young Adult Population,"… Epworth Sleepiness Scale (ESS), the Berlin questionnaire (… cut point, sensitivity and specificity of neck circumference in … ) baseline comparisons of different deep learning features, and (2…",https://academic.oup.com/sleep/article-abstract/42/Supplement_1/A179/5451071,TRUE,FALSE
Use of facial stereophotogrammetry as a screening tool for pediatric obstructive sleep apnea by dental specialists,"… study based on Pediatric Sleep Questionnaire (PSQ) score … of sensitivity and specificity for the OSA group, which is approximately 96 and implies that we need to set a total of both OSA …",https://jcsm.aasm.org/doi/abs/10.5664/jcsm.9490,TRUE,FALSE
High risk of obstructive sleep apnea among hypertensive patients in two tertiary centers in Nigeria,… They used the Berlin questionnaire which has been shown to have less specificity compared to the STOPBANG questionnaire at detecting high risk of OSA and yields more false-…,https://www.ajol.info/index.php/jpats/article/view/263694,TRUE,FALSE
CPAP versus oxygen in obstructive sleep apnea,"… Patients were screened for obstructive sleep apnea with the use of the Berlin questionnaire, … A sensitivity analysis performed with the use of multiple imputation approaches to assess …",https://www.nejm.org/doi/abs/10.1056/NEJMoa1306766,TRUE,FALSE
Development of a pediatric obstructive sleep apnea triage algorithm,"… OSA [7, 15, 16], although they have limited sensitivity. Both PSG and overnight oximetry do not determine the cause of an individual's OSA… the Pediatric Sleep Questionnaire (PSQ [18];) …",https://journals.sagepub.com/doi/abs/10.1186/s40463-021-00528-8,TRUE,FALSE
A Comprehensive Review: Computational Models for Obstructive Sleep Apnea Detection in Biomedical Applications,"… The STOP-Bang Questionnaire is considered as the gold … of 84.76%, sensitivity of 81.45%, and sensitivity of 86.82%. … , machine learning algorithms are more significantly used for …",https://onlinelibrary.wiley.com/doi/abs/10.1155/2022/7242667,TRUE,FALSE
Risk Prediction Model Occurrence of Obstructive Sleep Apnea (OSA) Risk in Chronic Obstructive Pulmonary Disease patient. Case Study: Cipto Mangunkusumo …,"… While, the Berlin questionnaire as a tool for capturing COPD patients at risk for OSA and Berlin questionnaire used is a … Classification accuracy was measured with high sensitivity and …",https://iopscience.iop.org/article/10.1088/1742-6596/1108/1/012076/meta,TRUE,FALSE
Development of screening patients with obstructive sleep apnea with deep learning in the lateral cephalogram: Overcoming modality differences with knowledge …,"… OSA samples were defined as the patients without any OSA signs or symptoms in the clinical examination using sleep questionnaire… scores for AUC, sensitivity, and specificity (Table 3). …",https://www.researchsquare.com/article/rs-2296273/latest,TRUE,FALSE
The future of sleep measurements: a review and perspective,"… Data science and machine learning techniques applied to a … screening questionnaire for OSA is the STOP-Bang, which … may have very different sensitivity and specificity to detect the …",https://www.sleep.theclinics.com/article/S1556-407X(21)00033-3/abstract,TRUE,FALSE
The Diagnostic Accuracy of Overnight Oximetry for Pediatric Obstructive Sleep Apnea: A Systematic Review and Meta-Analysis,"… scale of the pediatric sleep questionnaire (SRBD-PSQ) … of machine learning approaches to diagnose pediatric OSA, but … However, the pooled sensitivity and specificity in our results …",https://www.mdpi.com/2076-3417/14/22/10208,TRUE,FALSE
Performance of a commercial smart watch compared to polysomnography reference for overnight continuous oximetry measurement and sleep apnea evaluation,"… without sleep questionnaire data, to identify OSA compared … Use of artificial intelligence- enhanced sensing with wearables … OSA have demonstrated that the sensitivity and specificity of …",https://jcsm.aasm.org/doi/abs/10.5664/jcsm.11178,TRUE,FALSE
A Classifying Model of Obstructive Sleep Apnea Based on Heart Rate Variability in a Large Korean Population,… based on HRV parameters using several machine learning … with 78% sensitivity in discriminating severe OSA. As the purpose of … The STOP-Bang questionnaire is one of the …,https://synapse.koreamed.org/articles/1516081316,TRUE,FALSE
A Survey of Emerging Applications of Machine Learning in the Diagnosis and Management of Sleep Hygiene and Health in the Elderly Population,"… OSA Berlin questionnaire identifies high risk subjects to obstructive sleep apnea (Tan et al., … A study was carried out on older adults suffering from insomnia to assess the sensitivity of …",https://link.springer.com/chapter/10.1007/978-3-031-08859-9_9,TRUE,FALSE
Automatic monitoring of obstructive sleep apnea based on multi-modal signals by phone and smartwatch,"… distinguish four OSA risk levels based on machine learning (ML… : The sleep questionnaire in Table I is an example of the OSA … may cause OSA, the sensitivity of some factors to OSA can …",https://ieeexplore.ieee.org/abstract/document/10340237/,TRUE,FALSE
Association between high risk of obstructive sleep apnea and inflammatory markers in a population sample of young and middle-aged adults in the Miami Heart Study,"… Berlin Questionnaire has a high sensitivity but low specificity and thus is not a good tool to rule in cases of OSA… of participants without OSA in the high risk of OSA cohort. Additionally, …",https://jcsm.aasm.org/doi/abs/10.5664/jcsm.11274,TRUE,FALSE
Fatigued but not sleepy? An empirical investigation of the differentiation between fatigue and sleepiness in sleep disorder patients in a cross-sectional study,"… of disorders such as obstructive sleep apnea (OSA). In fact, … variables derived using the Alliance Sleep Questionnaire [12]), … The current study utilized a machine learning approach to …",https://www.sciencedirect.com/science/article/pii/S0022399924000187,TRUE,FALSE
Identification of Apnea Events Using a Chest-Worn Monitor Compared to Laboratory-Based Polysomnography in Patients Suspected of Obstructive Sleep Apnea,"… of OSA using the STOPBANG questionnaire and the Modified Epworth Sleepiness Scale (… This classifier with the first set of features yielded sensitivity of 48.0 ± 8.7%, specificity of 75.6±…",https://journals.humankinetics.com/view/journals/jmpb/2/2/article-p103.xml,TRUE,FALSE
Home-based diagnosis of obstructive sleep apnea in an urban population,… the Berlin Questionnaire as a screening instrument in our population leading to inaccurate estimates of pre-test probability. The prevalence of OSA … The specificity and positive likelihood …,https://jcsm.aasm.org/doi/abs/10.5664/jcsm.3960,TRUE,FALSE
Obstructive sleep apnea: A review for the orthodontist,"… Stop-Bang questionnaires present high sensitivity for assessing moderate to severe risk for OSA … , associated with advances in artificial intelligence. Health professionals must be aware …",https://www.scielo.br/j/dpjo/a/g899tKdFRQTW49VyVKtCj8g/?format=html&lang=en&stop=next,TRUE,FALSE
A review of scales to evaluate sleep disturbances in movement disorders,"… The index showed acceptable sensitivity with lower specificity for detecting any OSA, and … The Berlin questionnaire is an easy and short instrument to screen for OSA. It has been widely …",https://www.frontiersin.org/articles/10.3389/fneur.2018.00369/full,TRUE,FALSE
"Sleep disorders, health, and safety in police officers","… -report screening tools for OSA (Berlin Questionnaire; sensitivity 0.86, specificity 0.77), 19 … work disorder, or OSA were being detected. The utility of the Berlin questionnaire in predicting …",https://jamanetwork.com/journals/jama/article-abstract/1104746,TRUE,FALSE
"Anamika Saha 2, Nasim Montazeri Ghahjaverestan 2, 10 & Azadeh Yadollahi 2, 3Ε","… OSA before performing a surgery, which is currently done by subjective questionnaires such as STOP-Bang… In the third part, we developed machine-learning models to estimate the PAP …",https://www.academia.edu/download/117642932/s41598-024-56159-2.pdf,TRUE,FALSE
Pre-polysomnographic assessment using the Pittsburgh Sleep Quality Index questionnaire is not useful in identifying people at higher risk for obstructive sleep apnea,… The sensitivity and specificity of ESS in the diagnosis of OSAS were 54% and 57% … A STOP-Bang questionnaire score of 5--8 (or an augmented score at the Berlin Questionnaire) …,https://journals.sagepub.com/doi/abs/10.1177/0969141313511591,TRUE,FALSE
Accessible Obstructive Sleep Apnea Screening Using Classical Acoustic Speech Representations,"… comparable to those reported in prior deep learning-based studies [14], … However, both of them demonstrate poor specificity, which … Chung, “Validation of the stop-bang questionnaire for …",https://ieeexplore.ieee.org/abstract/document/10714938/,TRUE,FALSE
Early detection of obstructive sleep apnea in patients with atrial fibrillation,"… Eligible patients received OSA screening with the STOP-Bang questionnaire. A … the highest sensitivity for detection across all OSA severities. Additionally, the STOP-Bang questionnaire …",https://journals.lww.com/jaanp/fulltext/2022/09000/Early_detection_of_obstructive_sleep_apnea_in.9.aspx,TRUE,FALSE
Screening for moderate to severe obstructive sleep apnea by using heart rate variability features based on random forest algorithm,"… Although any machine learning classification algorithm can be … and STOP-BANG questionnaire. However, this strategy may … The sensitivity and accuracy of the model reach 94.68% and …",https://link.springer.com/article/10.1007/s11325-024-03151-9,TRUE,FALSE
Can we avoid unnecessary polysomnographies in the diagnosis of obstructive sleep apnea? A Bayesian network decision support tool,"… on questionnaires, such as the Berlin Questionnaire (BQ) or the … conducted to apply machine learning methods for medical … for 95% sensitivity, we would expect one OSA patient to be …",https://ieeexplore.ieee.org/abstract/document/6881842/,TRUE,FALSE
A novel deep learning-based approach for sleep apnea detection using single-lead ECG signals,… enhances the classification accuracy by 0.85%. Our findings indicate that the proposed … Validation of the stop-bang questionnaire as a screening tool for obstructive sleep apnea among …,https://ieeexplore.ieee.org/abstract/document/9979890/,TRUE,FALSE
Evaluation of a single-channel nasal pressure device to assess obstructive sleep apnea risk in laboratory and home environments,"… sensitivity and specificity in quantifying AHI when compared to PSG in a population with and without confirmed OSA… the Berlin Questionnaire, a validated tool for assessment of OSA risk. …",https://jcsm.aasm.org/doi/abs/10.5664/jcsm.2400,TRUE,FALSE
"0318 International Variability In The Prevalence Of Insomnia And Use Of Sleep-Promoting Medications, Supplements, And Other Substances","… (ASQ) is a comprehensive, on-line sleep questionnaire containing ~600 variables in mul… as most SSDC patients are seen for OSA. For the machine learning approach, we analyzed 154 …",https://search.proquest.com/openview/1c4eb1c96196f0dce43505a90701b2c3/1?pq-origsite=gscholar&cbl=2046369,TRUE,FALSE
"Screening commercial vehicle drivers for obstructive sleep apnea: tools, barriers, and recommendations","… patients, the STOP-Bang Questionnaire has demonstrated sensitivity of 92.9% for moderate … : to implement the STOP-Bang Questionnaire to screen commercial drivers for OSA. Without …",https://journals.sagepub.com/doi/abs/10.1177/2165079917692597,TRUE,FALSE
Comparison of composite lipid indices in patients with obstructive sleep apnoea,"… OSA compared to all the other parameters. The optimal cut-off value for LAP to detect OSA was 76.4, with a sensitivity of 63% and a specificity … risk of OSA based on Berlin questionnaire, …",https://www.tandfonline.com/doi/abs/10.2147/NSS.S361318,TRUE,FALSE
Association of CLDN molecules with sleep apnea hypopnea syndrome: new biomarker candidates,… STOP-Bang Questionnaire (SBQ) and other questionnaires are used in many medical centers for initial screening of patients with suspected OSA… improve specificity for diagnose of OSA…,https://www.frontiersin.org/articles/10.3389/fneur.2024.1347137/full,TRUE,FALSE
The role of single-channel nasal airflow pressure transducer in the diagnosis of OSA in the sleep laboratory,"… Interestingly the Berlin questionnaire had a lower specificity and positive likelihood ratio in our study than that previously reported for diagnosing OSA. However, it has been validated …",https://jcsm.aasm.org/doi/abs/10.5664/jcsm.27876,TRUE,FALSE
Proteomic biomarkers of sleep apnea,"… We sought to profile serum protein biomarkers in OSA in … We found that training a machine learning classifier using only … The Berlin questionnaire had 54% sensitivity, 97% specificity to …",https://academic.oup.com/sleep/article-abstract/43/11/zsaa086/5830732,TRUE,FALSE
Estimation of the apnea-hypopnea index in a heterogeneous sleep-disordered population using optimised cardiovascular features,"… Berlin questionnaire only has 37–43% sensitivity with 84–80% specificity to screen for mild and moderate OSA … evolution of machine learning techniques, we believe that in the future …",https://www.nature.com/articles/s41598-019-53403-y,TRUE,FALSE
Diagnosis and management of obstructive sleep apnea: a review,"… OSA risk include the Berlin Questionnaire, 40 developed for use in the primary care setting, and the STOP-Bang … to assess sleepiness, but has low sensitivity for OSA 43 (Table 2). There …",https://jamanetwork.com/journals/jama/article-abstract/2764461,TRUE,FALSE
Predicting Depression Among Chinese Patients with Narcolepsy Type 1: A Machine-Learning Approach,"… ) self-reported questionnaires: Epworth Sleepiness Scale (ESS), … used to construct a predictive model for depression in NT1 … was 0.659, specificity was 0.579, sensitivity was 0.727, PPV …",https://www.tandfonline.com/doi/abs/10.2147/NSS.S468748,TRUE,FALSE
Prediction models of obstructive sleep apnea in pregnancy: a systematic review and meta-analysis of model performance,"… (coefficient-based) yielded good sensitivity (86%) and specificity (74%), better than Berlin questionnaire and Epworth sleepiness scale. The model needs further external validation in …",https://www.mdpi.com/2075-4418/11/6/1097,TRUE,FALSE
"Prevalence, risk factors, and comorbidities of obstructive sleep apnea risk among a working population in Kuwait: a cross-sectional study","… OSA, as measured by the Berlin Questionnaire. A high risk for … We did, however, use the Berlin Questionnaire to do so, … instrument for OSA ascertainment, with a pooled sensitivity of …",https://www.frontiersin.org/articles/10.3389/fneur.2021.620799/full,TRUE,FALSE
Occupational Sleep Medicine: The Sleep-Related Breathing Disorders in High-Risk Occupations,"… [53] compared the results of four standard OSA questionnaires (ESS, STOP, STOP-BANG, … STOP-BANG showed high sensitivity for all levels of OSA severity followed by low specificity. …",https://www.intechopen.com/online-first/1202474,TRUE,FALSE
Prototype of Customized Mobile Application for Obstructive Sleep Apnea (OSA) Risk Assessment During the COVID-19 Pandemic,"… If age is 2 to 18 years, the pediatric-sleep questionnaire (PSQ) … The sensitivity and specificity of PSQ are 0.85 and 0.87, … , as well as artificial intelligence (AI) algorithms, to assess OSA, …",https://journals.sagepub.com/doi/abs/10.1177/0301574220982735,TRUE,FALSE
0500 STOPBANG QUESTIONNAIRE CORRECTLY DETECTS THE ABSENCE OF OBSTRUCTIVE SLEEP APNEA IN THE FIRST TRIMESTER OF PREGNANCY,… and Epworth Sleepiness Scale (ESS) questionnaires to detect obstructive sleep apnea (OSA) in … Sensitivity of pre-ESS scores was 61% but specificity was poor for both pre- and c-ESS …,https://academic.oup.com/sleep/article-abstract/40/suppl_1/A186/3781793,TRUE,FALSE
Association of residential greenness with obstructive sleep apnea among Chinese old adults and the mediation role of PM2. 5 and leisure-time physical activity,… OSA was ascertained by Berlin Questionnaire. Greenness … satellite remote sensing and artificial intelligence to combine ground-… Sensitivity analyses by eliminating patients with CVDs or …,https://www.sciencedirect.com/science/article/pii/S0048969724002547,TRUE,FALSE
Validating discriminative signatures for obstructive sleep apnea in exhaled breath,"… such as the Berlin questionnaire, STOP-Bang or the NoSAS … untreated OSA against CPAP-treated OSA (80% specificity) as … Machine learning tools for prediction models may allow us …",https://www.mdpi.com/2073-4409/11/19/2982,TRUE,FALSE
Multi-diagnostic chest-worn patch to detect obstructive sleep apnea and cardiac arrhythmias,… Results: SANSA’s sensitivity and specificity to detect OSA … sleep or wake using the machine learning model with inputs … as STOP-BANG and Epworth Sleepiness Scale questionnaires.…,https://jcsm.aasm.org/doi/abs/10.5664/jcsm.11522,TRUE,FALSE
Machine Learning for Detection of Obstructive Sleep Apnoea,"… a sensitivity of 64.2% and a specificity of 77%. Another study [16] found that one of the seven machine learning … other methods, such as the STOP-BANG questionnaire. Furthermore, a …",https://link.springer.com/chapter/10.1007/978-981-16-9705-0_24,TRUE,FALSE
Blood-based lipidomic signature of severe obstructive sleep apnoea in Alzheimer's disease,"… Machine learning analyses revealed a 4-lipid signature (phosphatidylcholine PC(35:4), cis-8… of OSA. These same lipids improved the predictive power of the STOP-Bang questionnaire …",https://link.springer.com/article/10.1186/s13195-022-01102-8,TRUE,FALSE
Can Oxygen Desaturation During Gastrointestinal Endoscopy Under Conscious Sedation Predict Obstructive Sleep Apnea?,"… The STOP-Bang questionnaire and the BQ are used to … , while another created a deep learning model that combines CT … Sensitivity and specificity of the multiple sleep latency test (MSLT…",https://papers.ssrn.com/sol3/papers.cfm?abstract_id=5113302,TRUE,FALSE
Obstructive sleep apnea in cardiovascular disease: a review of the literature and proposed multidisciplinary clinical management strategy,"… of OSA, such as the STOP‐BANG questionnaire, the … sensitivity and specificity. Accordingly, clinical assessment prediction tools are not currently recommended for the diagnosis of OSA …",https://www.ahajournals.org/doi/abs/10.1161/JAHA.118.010440,TRUE,FALSE
"The discovery, validation, and function of hypoxia-related gene biomarkers for obstructive sleep apnea","… Random forest (RF) and lasso machine learning algorithms … and screening for OSA exist, such as the Berlin questionnaire, … (C) The diagnostic performance of the lasso model by ROC …",https://www.frontiersin.org/articles/10.3389/fmed.2022.813459/full,TRUE,FALSE
1053 COMPARATIVE PERFORMANCE OF STANDARD OBSTRUCTIVE SLEEP APNEA SCREENING INSTRUMENTS IN PAROXYSMAL ATRIAL FIBRILLATION,"… , snoring and sex), Berlin and Epworth Sleepiness Scale (ESS) questionnaires and16-… We examined questionnaire diagnostic performance characteristics for moderate to severe OSA (…",https://academic.oup.com/sleep/article-abstract/40/suppl_1/A391/3781083,TRUE,FALSE
Early diagnosis of sleep related breathing disorders,"… the authors concluded that sensitivity, specificity and predictive values were sufficient in order to use the Berlin questionnaire as a tool for early diagnosis of OSA. However with four-…",https://pmc.ncbi.nlm.nih.gov/articles/PMC3199834/,TRUE,FALSE
Association of electrocardiogram features with risk of obstructed sleep apnea: a population-based cohort study,"… OSA status, which due to that the latter was not suitable for a large-scale epidemiological study. Berlin questionnaire has … the STOP-Bang Questionnaire to confirm OSA in the sensitivity …",https://link.springer.com/article/10.1007/s11325-025-03266-7,TRUE,FALSE
Analysis of data mining for classification of Obstructive Sleep Apnea in chronic obstructive pulmonary disease patients,"… of OSA can also be done using the Berlin questionnaire. The Berlin questionnaire used is a … Based on Table 2 the greatest value of accuracy, sensitivity, and specificity is obtained …",https://pubs.aip.org/aip/acp/article-abstract/2242/1/030023/621629,TRUE,FALSE
0316 Insomnia symptoms and exercise dose: risk reduction in middle-aged women,"… (ASQ) is a comprehensive, on-line sleep questionnaire containing ~600 variables in mul… as most SSDC patients are seen for OSA. For the machine learning approach, we analyzed 154 …",https://search.proquest.com/openview/92b7053f6ff2cc3585c51db65af5b5cb/1?pq-origsite=gscholar&cbl=2046369,TRUE,FALSE
Symptoms of Nocturnal Masticatory Muscle Activity among Women of Different Age Groups and Their Association to Obstructive Sleep Apnea—A Cross Sectional …,"… showed high-sensitivity, especially for patients with moderate to severe OSA. The validity … , higher scores on the STOP-BANG questionnaire, and showed higher risk of OSA. However, …",https://www.mdpi.com/2077-0383/11/5/1199,TRUE,FALSE
Does this patient have obstructive sleep apnea?: The Rational Clinical Examination systematic review,"… STOP-Bang questionnaire (8 items), 76 Berlin Questionnaire … Therefore, we chose to display the sensitivity, specificity, and … sleepiness, STOP-Bang questionnaire, Berlin questionnaire), …",https://jamanetwork.com/journals/jama/article-abstract/1730517,TRUE,FALSE
Newer Technology for Screening of Obstructive Sleep Apnea,"… The STOP-BANG questionnaire has highest specificity to … screening tool had higher specificity to predict moderate-to-… , data fusion and machine-learning techniques. Techniques of …",https://www.indianjournals.com/ijor.aspx?target=ijor:ijsm&volume=11&issue=1&article=004&type=pdf,TRUE,FALSE
Diagnosis of obstructive sleep apnea in adults: a clinical practice guideline from the American College of Physicians,"… OSA screening, low-quality evidence indicated that the Berlin Questionnaire may be used to screen for OSA. … component of OSA) and lack sufficient sensitivity and specificity to replace a …",https://www.acpjournals.org/doi/abs/10.7326/m12-3187,TRUE,FALSE
A Preliminary Study on OSA Severity Levels Detection by Evaluating Speech Signals Nonlinearities With Multi-Class Classification,"… , the highest OSA/healthy classification accuracy rate in the … Cross-validation is used in machine learning to predict the ability of … questionnaires and the Epworth sleepiness scale using …",https://ieeexplore.ieee.org/abstract/document/10296914/,TRUE,FALSE
Comorbidity Profile and Predictors of Obstructive Sleep Apnea Severity and Mortality in Non-Obese Obstructive Sleep Apnea Patients,"… Constant sympathetic activation, reduction of baroreceptor sensitivity, and release of … participants without OSA. We determined that the Epworth sleep scale, STOP bang questionnaire, …",https://www.mdpi.com/1648-9144/59/5/873,TRUE,FALSE
Artificial Intelligence-Enabled Edge-Centric Solution for Automated Assessment of Sleep Using Wearables in Smart Health,"… progression monitoring of obstructive sleep apnea (OSA) in the … the performance of OSA severity classification using a subset … of Sleep Questionnaire and the Epworth Sleepiness Scale, …",https://search.proquest.com/openview/d13fbaf9cd13bff26a97d6b809d30adb/1?pq-origsite=gscholar&cbl=18750&diss=y,TRUE,FALSE
Insights into the Use of Point-of-Care Ultrasound for Diagnosing Obstructive Sleep Apnea,"… of their low specificity for the diagnosis of OSA. There were no … pathogenesis of OSA with the use of artificial intelligence; the … high blood pressure), the STOP-Bang questionnaire (STOP …",https://www.mdpi.com/2075-4418/13/13/2262,TRUE,FALSE
Obstructive sleep apnea and cardiovascular events after percutaneous coronary intervention,"… We found that only 52% of the patients with OSA were classified as high risk by the Berlin questionnaire, and only 24% had excessive daytime sleepiness. The low sensitivity of the …",https://www.ahajournals.org/doi/abs/10.1161/CIRCULATIONAHA.115.019392,TRUE,FALSE
Unveiling the Influence of AI on Advancements in Respiratory Care: Narrative Review,"… diverse applications of artificial intelligence, highlighting its … as the Berlin Questionnaire, STOP-Bang questionnaire, and … predict OSA presence with 98.9% sensitivity and 80% specificity…",https://i-jmr.org/2024/1/e57271,TRUE,FALSE
Can sleep questionnaires predict outcome in children undergoing adenotonsillectomy for sleep disordered breathing?,"… (AHI) is used to define OSA and its severity. However, using AHI … of sensitivity and specificity for identifying those with OSA (14-… Our hypothesis was that initial sleep questionnaire scores …",https://www.theajo.com/article/view/4152/html,TRUE,FALSE
404 Sleep-Disordered Breathing In Native Hawaiians/Pacific Islanders With Associated Comorbidities And Adherence To Therapy,"… in as high risk for OSA using the STOPBANG questionnaire. … The sensitivity and specificity of the experimental system to … Introduction: Using deep learning algorithms, we investigated …",https://search.proquest.com/openview/dcda4285b7f0f1b448702654e93d9371/1?pq-origsite=gscholar&cbl=2046369,TRUE,FALSE
Pediatric pulmonology year in review 2022: Sleep medicine,"… to severe OSA, they are not as sensitive for mild OSA. Some … , including the pediatric sleep questionnaire (PSQ),16 OSA‐18,… that machine learning improved diagnostic performance as …",https://onlinelibrary.wiley.com/doi/abs/10.1002/ppul.26622,TRUE,FALSE
Evaluation of Upper Airway Characteristics Using Computational Fluid Dynamics,"… Another survey that is used is the STOP-Bang questionnaire (SBQ), a self-reported … CFD with deep learning can diagnose OSA with sufficient accuracy, sensitivity, and specificity based …",https://search.proquest.com/openview/b4f18f6d01dfeab50df7799a79a3a156/1?pq-origsite=gscholar&cbl=18750&diss=y,TRUE,FALSE
P4 medicine approach to obstructive sleep apnoea,… such as unsupervised machine learning and cluster … Berlin Questionnaire dichotomizes individuals into low and high risk for OSA62 and has relatively high sensitivity but low specificity…,https://onlinelibrary.wiley.com/doi/abs/10.1111/resp.13063,TRUE,FALSE
Relationship between sleep disorders and information processing speed in multiple sclerosis,"… The authors used Berlin and STOP-Bang questionnaires for assessing OSA symptoms, and the International Restless Legs Syndrome Study Group (IRLSSG) scale for the presence and …",https://www.sciencedirect.com/science/article/pii/S1807593224002515,TRUE,FALSE
Selected Bibliography of Recent Research in Sleep (2020–2021),"… innovations in machine learning, obstructive sleep apnea (OSA) … - or low-risk OSA according to the Berlin questionnaire and a … There was reasonable sensitivity and specificity for …",https://www.atsjournals.org/doi/full/10.1164/rccm.202301-0060UP,TRUE,FALSE
Current aspects and future perspectives on polysomnography. Applicability in rehabilitation patients diagnosed with sleep related breathing disorders-A …,"… Artificial intelligence (AI) cаn be used for diаgnosis by integrаting … [10,11] The sensitivity of the STOPBANG questionnaire has … The prevalence of OSA is notably highin stroke is high with …",https://bioclima.ro/Balneo659.pdf,TRUE,FALSE
BhopaL Epidemiologic Sleep Study: BLESS Study–Design and Sampling of the Study,"… for OSA by various questionnaires (Berlin questionnaire, … -invasive screening tool for OSA, the sensitivity of optimal tool … rule’ through supervised machine learning with combination of …",https://link.springer.com/article/10.1007/s41782-021-00189-7,TRUE,FALSE
Intelligent Audio-based Signal Processing for Automatic Detection of Obstructive Sleep Apnea,"… for moderate OSA, while the sensitivity and specificity when … 3 or higher on the STOP-Bang questionnaire1. Both the HSAT and … For this we will use the library of Machine Learning Scikit-…",https://digibug.ugr.es/handle/10481/96819,TRUE,FALSE
Classification of Cardiovascular Disease Risk for Patients with Obstructive Sleep Apnea,"… sampling using the STOP-BANG questionnaire (snoring, … of deep learning methodologies, CVD and OSA classification … This study provides better specificity, accuracy, and sensitivity…",https://asmedigitalcollection.asme.org/testingevaluation/article/51/5/2858/1192342,TRUE,FALSE
Power spectral densities of nocturnal pulse oximetry signals differ in OSA patients with and without daytime sleepiness,… questionnaire is the Epworth Sleepiness Scale (ESS). ESS is … with over 76% sensitivity and specificity when using similar … be determined based on automated deep learning-analysis of …,https://www.sciencedirect.com/science/article/pii/S1389945720303166,TRUE,FALSE
"Proteomic biomarkers of the apnea hypopnea index and obstructive sleep apnea: insights into the pathophysiology of presence, severity, and treatment response","… OSA machine learning classifier, 8 of the top 15 features were significant markers of total AHI and OSA … in addition to completing the Alliance Sleep Questionnaire (ASQ) and providing a …",https://www.mdpi.com/1422-0067/23/14/7983,TRUE,FALSE
A review of current sleep screening applications for smartphones,… for OSA screening we therefore concluded that a STOP BANG-based questionnaire should be used for OSA … questionnaire could be added to any predictive model which provided a …,https://iopscience.iop.org/article/10.1088/0967-3334/34/7/R29/meta,TRUE,FALSE
Association between obstructive sleep apnea and temporomandibular disorders: A meta‐analysis,"… categories aiming to assess OSA risk; (b)The Stop Bang Questionnaire (SBQ) 30 … a sensitivity analysis was performed excluding this study, and it still found a positive association of OSA …",https://onlinelibrary.wiley.com/doi/abs/10.1111/joor.13794,TRUE,FALSE
Obstructive Sleep Apnea: Respiratory Complications–A Review Article,"… People at high-risk for OSA can be identified using the Berlin questionnaire. Primary care … the Berlin questionnaire can identify patients with moderate to severe OSA, with a sensitivity of …",https://journals.ekb.eg/article_254080.html,TRUE,FALSE
Hybrid CNN-LSTM network for real-time apnea-hypopnea event detection based on IR-UWB radar,"… challenges, we propose a deep learning approach based on a … the Berlin questionnaire [30] and STOP-Bang questionnaire [… health monitoring for obstructive sleep apnea diagnosis: A …",https://ieeexplore.ieee.org/abstract/document/9435330/,TRUE,FALSE
The application of rough set and Mahalanobis distance to enhance the quality of OSA diagnosis,"… on) and questionnaires (eg, Epworth sleepiness scale (ESS), … RS is methodologically significant to the artificial intelligence … distinguished OSA with a sensitivity and specificity of 85.71% …",https://www.sciencedirect.com/science/article/pii/S0957417410014855,TRUE,FALSE
Assessment of neck grasp as a screening tool for identifying obstructive sleep apnea in community-dwelling older adults,"… Epworth Sleepiness Scale or the Berlin questionnaire, … OSA in rural populations. In this view, 2 small series have shown 100% specificity of neck grasp for identifying subjects with OSA. …",https://journals.sagepub.com/doi/abs/10.1177/2150132720984421,TRUE,FALSE
"PEDIATRIC OBSTRUCTIVE SLEEP APNEA DETECTION WITH MOBILE VIDEO CLIPS, POLYGRAPHY, AND QUESTIONNAIRE","… Video clips and Pediatric Sleep Questionnaire (PSQ) may assist with triage. … specificity and good sensitivity, in contrast to the PSQ which had high sensitivity and low specificity for OSA …",https://journal.chestnet.org/article/S0012-3692(23)05088-2/abstract,TRUE,FALSE
Airway-centric orthodontics: a review on oral appliance therapy as a simplified solution to obstructive sleep apnea,"… Stop Bang, Stop, and ESS according to the severity of OSA The Stop Bang questionnaire is a better tool for detecting OSA … in OSA diagnosis Portable monitors showed a sensitivity of 74…",https://fomm.amegroups.org/article/view/78618/html,TRUE,FALSE
Lacune is the stroke subtype linked to obstructive sleep apnea,"… For example, the Berlin questionnaire, which was the tool used in our study to diagnose OSA, has 3 … , and despite its acceptable sensitivity and high positive predictive value [20,21,22], …",https://link.springer.com/article/10.1007/s10072-020-04437-y,TRUE,FALSE
Joint apnea and body position analysis for home sleep studies using a wireless audio and motion sensor,"… tool to screen for obstructive sleep apnea (OSA) and also to … ), Berlin Questionnaire, STOP, and STOPBANG questionnaire… on detecting sleep apnea using deep learning methods [37], …",https://ieeexplore.ieee.org/abstract/document/9197595/,TRUE,FALSE
Self-Awareness of Sleep Apnea Symptoms Among Middle-Aged and Elderly People in Taiwan,"… Berlin Questionnaire, the Epworth Sleepiness Scale, and the … screening methods have high sensitivity but low specificity, and it … Severe obstructive sleep apnea (OSA) directly affects an …",https://www.frontiersin.org/articles/10.3389/fpsyt.2022.936097/full,TRUE,FALSE
0318 Towards A Deep Learning-based Joint Detection Model For Nocturnal Polysomnogram Events,"… to detect arousals; obstructive sleep apnea (OSA), central … be insufficient for improving sensitivity. Aásimple method without … alternative scoring of the STOPBang Questionnaire (SBQ). …",https://academic.oup.com/sleep/article-abstract/42/Supplement_1/A130/5450895,TRUE,FALSE
Integrating Phenotypic Information of Obstructive Sleep Apnea and Deep Representation of Sleep-Event Sequences for Cardiovascular Risk Prediction,"… The proposed OSA phenotyping based deep learning model … 4), the AUC-ROC values of various ML models were notably … status acqruied in the sleep questionnaire such as sleep …",https://www.ncbi.nlm.nih.gov/pmc/articles/PMC10980103/,TRUE,FALSE
Assessment of pharyngeal airway space with MRI In oral submucous fibrosis: A cross-sectional observational study,… The STOP-Bang questionnaire is an OSA screening tool with … The questionnaire has adequate sensitivity and diagnostic … and the incorporation of artificial intelligence algorithms in MRI …,https://www.sciencedirect.com/science/article/pii/S2212426824001271,TRUE,FALSE
Performance of Wrist-Worn Pulse Oximeter for the Screening of Obstructive Sleep Apnea,… The Epworth Sleepiness Scale and STOP-BANG questionnaire … The cutoffs estimated by the CART machine learning … reliable detection of OSA with good sensitivity and specificity. …,https://pmc.ncbi.nlm.nih.gov/articles/PMC11421761/,TRUE,FALSE
Screening of preoperative obstructive sleep apnea by cardiopulmonary coupling and its risk factors in patients with plans to receive surgery under general anesthesia …,"… sleep questionnaire to screen OSA, and the prevalence of sleep questionnaire-screened OSA … was used to screen OSA, which was characterized by high sensitivity and accuracy (30–32…",https://www.frontiersin.org/journals/neurology/articles/10.3389/fneur.2024.1370609/full,TRUE,FALSE
